WELL_ID,WELL_TYPE,LATDD,LONGDD
4637,Oil or Gas,30.25998264,-96.40039841
4637,Oil or Gas,30.25998264,-96.40039841
4637,Oil or Gas,30.25998264,-96.40039841
4637,Oil or Gas,30.25998264,-96.40039841
4637,Oil or Gas,30.25998264,-96.40039841
4637,Oil or Gas,30.25998264,-96.40039841
4638,Oil or Gas,30.35986159,-96.2015
4638,Oil or Gas,30.35986159,-96.2015
4638,Oil or Gas,30.35986159,-96.2015
4638,Oil or Gas,30.35986159,-96.2015
4638,Oil or Gas,30.35986159,-96.2015
4638,Oil or Gas,30.35986159,-96.2015
4639,Oil or Gas,30.18294271,-96.25473108
4639,Oil or Gas,30.18294271,-96.25473108
4639,Oil or Gas,30.18294271,-96.25473108
4639,Oil or Gas,30.18294271,-96.25473108
4639,Oil or Gas,30.18294271,-96.25473108
4640,Oil or Gas,30.09825,-96.254618
4640,Oil or Gas,30.09825,-96.254618
4640,Oil or Gas,30.09825,-96.254618
4640,Oil or Gas,30.09825,-96.254618
4640,Oil or Gas,30.09825,-96.254618
4640,Oil or Gas,30.09825,-96.254618
4640,Oil or Gas,30.09825,-96.254618
4641,Oil or Gas,30.330003,-96.394361
4641,Oil or Gas,30.330003,-96.394361
4641,Oil or Gas,30.330003,-96.394361
4641,Oil or Gas,30.330003,-96.394361
4641,Oil or Gas,30.330003,-96.394361
4642,Oil or Gas,30.156384,-96.44881
4642,Oil or Gas,30.156384,-96.44881
4642,Oil or Gas,30.156384,-96.44881
4794,Withdrawal of Water,30.213055,-96.426388
4794,Withdrawal of Water,30.213055,-96.426388
6376,Oil or Gas,30.241742,-96.654718
6376,Oil or Gas,30.241742,-96.654718
6376,Oil or Gas,30.241742,-96.654718
6376,Oil or Gas,30.241742,-96.654718
6376,Oil or Gas,30.241742,-96.654718
6376,Oil or Gas,30.241742,-96.654718
6376,Oil or Gas,30.241742,-96.654718
6376,Oil or Gas,30.241742,-96.654718
6376,Oil or Gas,30.241742,-96.654718
7886,Withdrawal of Water,30.33577,-96.16078
7887,Withdrawal of Water,30.32556,-96.15194
7887,Withdrawal of Water,30.32556,-96.15194
7887,Withdrawal of Water,30.32556,-96.15194
7888,Withdrawal of Water,30.29611,-96.13194
7905,Withdrawal of Water,30.26566,-96.112
7910,Withdrawal of Water,30.18306,-96.18361
7910,Withdrawal of Water,30.18306,-96.18361
7911,Withdrawal of Water,30.18056,-96.18056
7911,Withdrawal of Water,30.18056,-96.18056
7912,Withdrawal of Water,30.18167,-96.20083
7912,Withdrawal of Water,30.18167,-96.20083
7913,Withdrawal of Water,30.17583,-96.18194
7914,Withdrawal of Water,30.1994,-96.16807
7915,Withdrawal of Water,30.20795,-96.16869
7917,Withdrawal of Water,30.16417,-96.17056
7917,Withdrawal of Water,30.16417,-96.17056
7919,Withdrawal of Water,30.1575,-96.17528
7919,Withdrawal of Water,30.1575,-96.17528
7920,Withdrawal of Water,30.16528,-96.16389
7920,Withdrawal of Water,30.16528,-96.16389
7923,Withdrawal of Water,30.14778,-96.15833
7923,Withdrawal of Water,30.14778,-96.15833
7924,Withdrawal of Water,30.15667,-96.16167
7924,Withdrawal of Water,30.15667,-96.16167
7926,Withdrawal of Water,30.09433,-96.18657
7927,Withdrawal of Water,30.07639,-96.18306
7927,Withdrawal of Water,30.07639,-96.18306
7928,Withdrawal of Water,30.07056,-96.17722
7928,Withdrawal of Water,30.07056,-96.17722
7929,Withdrawal of Water,30.05944,-96.17
7929,Withdrawal of Water,30.05944,-96.17
9676,Oil or Gas,30.1328125,-96.58665339
9676,Oil or Gas,30.1328125,-96.58665339
9676,Oil or Gas,30.1328125,-96.58665339
9676,Oil or Gas,30.1328125,-96.58665339
9676,Oil or Gas,30.1328125,-96.58665339
9676,Oil or Gas,30.1328125,-96.58665339
9676,Oil or Gas,30.1328125,-96.58665339
9676,Oil or Gas,30.1328125,-96.58665339
9676,Oil or Gas,30.1328125,-96.58665339
23209,Oil or Gas,30.09510901,-96.38174424
23209,Oil or Gas,30.09510901,-96.38174424
23209,Oil or Gas,30.09510901,-96.38174424
23209,Oil or Gas,30.09510901,-96.38174424
23209,Oil or Gas,30.09510901,-96.38174424
23209,Oil or Gas,30.09510901,-96.38174424
23214,Oil or Gas,30.32070038,-96.4058933
23214,Oil or Gas,30.32070038,-96.4058933
23214,Oil or Gas,30.32070038,-96.4058933
23218,Oil or Gas,30.30623088,-96.40369335
23218,Oil or Gas,30.30623088,-96.40369335
23218,Oil or Gas,30.30623088,-96.40369335
23218,Oil or Gas,30.30623088,-96.40369335
23218,Oil or Gas,30.30623088,-96.40369335
23218,Oil or Gas,30.30623088,-96.40369335
23218,Oil or Gas,30.30623088,-96.40369335
23229,Oil or Gas,30.27280209,-96.43118436
23229,Oil or Gas,30.27280209,-96.43118436
23236,Oil or Gas,30.299697,-96.492709
23236,Oil or Gas,30.299697,-96.492709
23236,Oil or Gas,30.299697,-96.492709
23244,Oil or Gas,30.240054,-96.122277
23244,Oil or Gas,30.240054,-96.122277
23266,Oil or Gas,30.17813566,-96.37858357
23266,Oil or Gas,30.17813566,-96.37858357
23266,Oil or Gas,30.17813566,-96.37858357
23280,Oil or Gas,30.16962624,-96.61146049
23280,Oil or Gas,30.16962624,-96.61146049
23280,Oil or Gas,30.16962624,-96.61146049
23280,Oil or Gas,30.16962624,-96.61146049
23320,Oil or Gas,30.31963044,-96.41197347
23320,Oil or Gas,30.31963044,-96.41197347
23320,Oil or Gas,30.31963044,-96.41197347
25262,Oil or Gas,30.24741271,-96.30573104
25262,Oil or Gas,30.24741271,-96.30573104
25262,Oil or Gas,30.24741271,-96.30573104
25262,Oil or Gas,30.24741271,-96.30573104
25262,Oil or Gas,30.24741271,-96.30573104
25263,Oil or Gas,30.26225165,-96.18061782
25263,Oil or Gas,30.26225165,-96.18061782
25263,Oil or Gas,30.26225165,-96.18061782
25263,Oil or Gas,30.26225165,-96.18061782
31538,Oil or Gas,30.305291,-96.43915432
31538,Oil or Gas,30.305291,-96.43915432
31538,Oil or Gas,30.305291,-96.43915432
50301,Withdrawal of Water,30.16013611,-96.79031389
50301,Withdrawal of Water,30.16013611,-96.79031389
52078,Withdrawal of Water,30.182221,-96.595277
52078,Withdrawal of Water,30.182221,-96.595277
52078,Withdrawal of Water,30.182221,-96.595277
52078,Withdrawal of Water,30.182221,-96.595277
52078,Withdrawal of Water,30.182221,-96.595277
58636,Withdrawal of Water,30.262222,-96.520554
58636,Withdrawal of Water,30.262222,-96.520554
58636,Withdrawal of Water,30.262222,-96.520554
58636,Withdrawal of Water,30.262222,-96.520554
58636,Withdrawal of Water,30.262222,-96.520554
58637,Oil or Gas,30.18861,-96.453888
58637,Oil or Gas,30.18861,-96.453888
58637,Oil or Gas,30.18861,-96.453888
58637,Oil or Gas,30.18861,-96.453888
58637,Oil or Gas,30.18861,-96.453888
58637,Oil or Gas,30.18861,-96.453888
58637,Oil or Gas,30.18861,-96.453888
58637,Oil or Gas,30.18861,-96.453888
58637,Oil or Gas,30.18861,-96.453888
58638,Oil or Gas,30.240313,-96.117369
58638,Oil or Gas,30.240313,-96.117369
58638,Oil or Gas,30.240313,-96.117369
58638,Oil or Gas,30.240313,-96.117369
58638,Oil or Gas,30.240313,-96.117369
66940,Withdrawal of Water,30.166389,-96.390556
66962,Withdrawal of Water,30.151112,-96.288611
67012,Withdrawal of Water,30.268611,-96.101667
68017,oil or gas,30.30101109,-96.41590372
68017,oil or gas,30.30101109,-96.41590372
68018,oil or gas,30.25049273,-96.37330291
68018,oil or gas,30.25049273,-96.37330291
68817,Oil or Gas,30.181926,-96.70523
68817,Oil or Gas,30.181926,-96.70523
68817,Oil or Gas,30.181926,-96.70523
68817,Oil or Gas,30.181926,-96.70523
68818,Oil or Gas,30.287026,-96.601491
87301,Oil or Gas,30.13953725,-96.53177824
87301,Oil or Gas,30.13953725,-96.53177824
87303,Oil or Gas,30.17098631,-96.69114295
87303,Oil or Gas,30.17098631,-96.69114295
87303,Oil or Gas,30.17098631,-96.69114295
87303,Oil or Gas,30.17098631,-96.69114295
87315,Oil or Gas,30.06909991,-96.57534994
87315,Oil or Gas,30.06909991,-96.57534994
87346,Withdrawal of Water,30.140556,-96.256112
87346,Withdrawal of Water,30.140556,-96.256112
87346,Withdrawal of Water,30.140556,-96.256112
87352,Oil or Gas,30.286706,-96.245283
87352,Oil or Gas,30.286706,-96.245283
87352,Oil or Gas,30.286706,-96.245283
87352,Oil or Gas,30.286706,-96.245283
87352,Oil or Gas,30.286706,-96.245283
87354,Oil or Gas,30.353821,-96.33473
87354,Oil or Gas,30.353821,-96.33473
87355,Oil or Gas,30.235884,-96.316322
87355,Oil or Gas,30.235884,-96.316322
87355,Oil or Gas,30.235884,-96.316322
87358,Oil or Gas,30.359681,-96.35078
87358,Oil or Gas,30.359681,-96.35078
87358,Oil or Gas,30.359681,-96.35078
87359,Oil or Gas,30.345365,-96.332919
87359,Oil or Gas,30.345365,-96.332919
87359,Oil or Gas,30.345365,-96.332919
87364,Oil or Gas,30.265551,-96.406517
87364,Oil or Gas,30.265551,-96.406517
87364,Oil or Gas,30.265551,-96.406517
87365,Oil or Gas,30.30505,-96.42466
87365,Oil or Gas,30.30505,-96.42466
87365,Oil or Gas,30.30505,-96.42466
87371,Oil or Gas,30.25593,-96.60762
87371,Oil or Gas,30.25593,-96.60762
87371,Oil or Gas,30.25593,-96.60762
87372,Oil or Gas,30.26062,-96.55825
87372,Oil or Gas,30.26062,-96.55825
87372,Oil or Gas,30.26062,-96.55825
87449,Oil or Gas,30.20842392,-96.18417821
87449,Oil or Gas,30.20842392,-96.18417821
87451,Oil or Gas,30.30127107,-96.41379366
87451,Oil or Gas,30.30127107,-96.41379366
87472,Withdrawl of Water,30.30309629,-96.37709626
87472,Withdrawl of Water,30.30309629,-96.37709626
87472,Withdrawl of Water,30.30309629,-96.37709626
87473,Withdrawl of Water,30.31278619,-96.3671136
87473,Withdrawl of Water,30.31278619,-96.3671136
87473,Withdrawl of Water,30.31278619,-96.3671136
87614,Oil or Gas,30.201439,-96.637963
87614,Oil or Gas,30.201439,-96.637963
87614,Oil or Gas,30.201439,-96.637963
87615,Oil or Gas,30.323496,-96.382618
87615,Oil or Gas,30.323496,-96.382618
87615,Oil or Gas,30.323496,-96.382618
87616,Oil or Gas,30.297291,-96.391643
87616,Oil or Gas,30.297291,-96.391643
87616,Oil or Gas,30.297291,-96.391643
87617,Oil or Gas,30.261701,-96.400515
87617,Oil or Gas,30.261701,-96.400515
87617,Oil or Gas,30.261701,-96.400515
87617,Oil or Gas,30.261701,-96.400515
87618,Oil or Gas,30.179738,-96.254243
87618,Oil or Gas,30.179738,-96.254243
87618,Oil or Gas,30.179738,-96.254243
87618,Oil or Gas,30.179738,-96.254243
87619,Oil or Gas,30.25288,-96.119568
87619,Oil or Gas,30.25288,-96.119568
87619,Oil or Gas,30.25288,-96.119568
87620,Oil or Gas,30.08612,-96.47044
87620,Oil or Gas,30.08612,-96.47044
87620,Oil or Gas,30.08612,-96.47044
87621,Oil or Gas,30.20385,-96.470777
87621,Oil or Gas,30.20385,-96.470777
87621,Oil or Gas,30.20385,-96.470777
87621,Oil or Gas,30.20385,-96.470777
87645,Oil or Gas,30.18877,-96.25219
87645,Oil or Gas,30.18877,-96.25219
87645,Oil or Gas,30.18877,-96.25219
88340,Oil or Gas,30.15751684,-96.78680578
88340,Oil or Gas,30.15751684,-96.78680578
88340,Oil or Gas,30.15751684,-96.78680578
88341,Oil or Gas,30.15111705,-96.71488372
88341,Oil or Gas,30.15111705,-96.71488372
88341,Oil or Gas,30.15111705,-96.71488372
88342,Oil or Gas,30.15820679,-96.7082635
88342,Oil or Gas,30.15820679,-96.7082635
88342,Oil or Gas,30.15820679,-96.7082635
88343,Oil or Gas,30.17538623,-96.74045446
88343,Oil or Gas,30.17538623,-96.74045446
88343,Oil or Gas,30.17538623,-96.74045446
88344,Oil or Gas,30.23627407,-96.7260739
88344,Oil or Gas,30.23627407,-96.7260739
88344,Oil or Gas,30.23627407,-96.7260739
88345,Oil or Gas,30.172974,-96.620421
88345,Oil or Gas,30.172974,-96.620421
88346,Oil or Gas,30.150952,-96.633036
88346,Oil or Gas,30.150952,-96.633036
88346,Oil or Gas,30.150952,-96.633036
88348,Oil or Gas,30.23256419,-96.72024372
88348,Oil or Gas,30.23256419,-96.72024372
88348,Oil or Gas,30.23256419,-96.72024372
88349,Oil or Gas,30.15785685,-96.74856474
88349,Oil or Gas,30.15785685,-96.74856474
88349,Oil or Gas,30.15785685,-96.74856474
88398,Oil or Gas,30.16200589,-96.17648829
88398,Oil or Gas,30.16200589,-96.17648829
88398,Oil or Gas,30.16200589,-96.17648829
88401,Oil or Gas,30.16546573,-96.17504824
88401,Oil or Gas,30.16546573,-96.17504824
88401,Oil or Gas,30.16546573,-96.17504824
88402,Oil or Gas,30.28581225,-96.64874125
88402,Oil or Gas,30.28581225,-96.64874125
88402,Oil or Gas,30.28581225,-96.64874125
88403,Oil or Gas,30.28416207,-96.56925854
88403,Oil or Gas,30.28416207,-96.56925854
88403,Oil or Gas,30.28416207,-96.56925854
88404,Oil or Gas,30.30190138,-96.53425721
88404,Oil or Gas,30.30190138,-96.53425721
88404,Oil or Gas,30.30190138,-96.53425721
88431,Oil or Gas,30.255763,-96.57134877
88431,Oil or Gas,30.255763,-96.57134877
88478,Oil or Gas,30.08391,-96.47801
88478,Oil or Gas,30.08391,-96.47801
88478,Oil or Gas,30.08391,-96.47801
92006,Oil or Gas,30.285197,-96.361824
92006,Oil or Gas,30.285197,-96.361824
92006,Oil or Gas,30.285197,-96.361824
92007,Oil or Gas,30.174259,-96.761596
92007,Oil or Gas,30.174259,-96.761596
92007,Oil or Gas,30.174259,-96.761596
92008,Oil or Gas,30.189071,-96.752734
92008,Oil or Gas,30.189071,-96.752734
92008,Oil or Gas,30.189071,-96.752734
92009,Oil or Gas,30.183997,-96.746868
92009,Oil or Gas,30.183997,-96.746868
92009,Oil or Gas,30.183997,-96.746868
92010,Oil or Gas,30.228598,-96.727696
92010,Oil or Gas,30.228598,-96.727696
92010,Oil or Gas,30.228598,-96.727696
92011,Oil or Gas,30.159038,-96.727479
92011,Oil or Gas,30.159038,-96.727479
92011,Oil or Gas,30.159038,-96.727479
92012,Oil or Gas,30.261589,-96.614578
92012,Oil or Gas,30.261589,-96.614578
92012,Oil or Gas,30.261589,-96.614578
92013,Oil or Gas,30.262331,-96.405168
92013,Oil or Gas,30.262331,-96.405168
92013,Oil or Gas,30.262331,-96.405168
92014,Oil or Gas,30.232547,-96.688916
92014,Oil or Gas,30.232547,-96.688916
92014,Oil or Gas,30.232547,-96.688916
92015,Oil or Gas,30.239681,-96.691216
92015,Oil or Gas,30.239681,-96.691216
92015,Oil or Gas,30.239681,-96.691216
92016,Oil or Gas,30.184918,-96.733568
92016,Oil or Gas,30.184918,-96.733568
92016,Oil or Gas,30.184918,-96.733568
92017,Oil or Gas,30.297286,-96.570603
92017,Oil or Gas,30.297286,-96.570603
92017,Oil or Gas,30.297286,-96.570603
92018,Oil or Gas,30.296389,-96.567938
92018,Oil or Gas,30.296389,-96.567938
92018,Oil or Gas,30.296389,-96.567938
92019,Oil or Gas,30.154372,-96.724633
92019,Oil or Gas,30.154372,-96.724633
92019,Oil or Gas,30.154372,-96.724633
92020,Oil or Gas,30.302723,-96.546829
92020,Oil or Gas,30.302723,-96.546829
92020,Oil or Gas,30.302723,-96.546829
92020,Oil or Gas,30.302723,-96.546829
92021,Oil or Gas,30.190384,-96.697446
92021,Oil or Gas,30.190384,-96.697446
92021,Oil or Gas,30.190384,-96.697446
92022,Oil or Gas,30.249605,-96.138077
92022,Oil or Gas,30.249605,-96.138077
92022,Oil or Gas,30.249605,-96.138077
92023,Oil or Gas,30.172443,-96.673621
92023,Oil or Gas,30.172443,-96.673621
92023,Oil or Gas,30.172443,-96.673621
92024,Oil or Gas,30.298012,-96.602756
92024,Oil or Gas,30.298012,-96.602756
92024,Oil or Gas,30.298012,-96.602756
92025,Oil or Gas,30.156699,-96.616259
92025,Oil or Gas,30.156699,-96.616259
92025,Oil or Gas,30.156699,-96.616259
92026,Oil or Gas,30.169082,-96.619239
92026,Oil or Gas,30.169082,-96.619239
92026,Oil or Gas,30.169082,-96.619239
92027,Oil or Gas,30.16399,-96.617508
92027,Oil or Gas,30.16399,-96.617508
92027,Oil or Gas,30.16399,-96.617508
92028,Oil or Gas,30.166524,-96.618731
92028,Oil or Gas,30.166524,-96.618731
92028,Oil or Gas,30.166524,-96.618731
92029,Oil or Gas,30.16413,-96.622193
92029,Oil or Gas,30.16413,-96.622193
92029,Oil or Gas,30.16413,-96.622193
92030,Oil or Gas,30.162186,-96.619329
92030,Oil or Gas,30.162186,-96.619329
92030,Oil or Gas,30.162186,-96.619329
92031,Oil or Gas,30.264023,-96.403617
92031,Oil or Gas,30.264023,-96.403617
92031,Oil or Gas,30.264023,-96.403617
92032,Oil or Gas,30.283545,-96.650261
92032,Oil or Gas,30.283545,-96.650261
92032,Oil or Gas,30.283545,-96.650261
92033,Oil or Gas,30.28816,-96.634406
92033,Oil or Gas,30.28816,-96.634406
92033,Oil or Gas,30.28816,-96.634406
92034,Oil or Gas,30.279596,-96.637079
92034,Oil or Gas,30.279596,-96.637079
92034,Oil or Gas,30.279596,-96.637079
92035,Oil or Gas,30.284052,-96.650037
92035,Oil or Gas,30.284052,-96.650037
92035,Oil or Gas,30.284052,-96.650037
92036,Oil or Gas,30.276703,-96.639614
92036,Oil or Gas,30.276703,-96.639614
92036,Oil or Gas,30.276703,-96.639614
92037,Oil or Gas,30.076769,-96.462579
92037,Oil or Gas,30.076769,-96.462579
92037,Oil or Gas,30.076769,-96.462579
92038,Oil or Gas,30.155061,-96.734448
92038,Oil or Gas,30.155061,-96.734448
92038,Oil or Gas,30.155061,-96.734448
92039,Oil or Gas,30.242675,-96.405191
92039,Oil or Gas,30.242675,-96.405191
92039,Oil or Gas,30.242675,-96.405191
92040,Oil or Gas,30.19421,-96.248077
92040,Oil or Gas,30.19421,-96.248077
92040,Oil or Gas,30.19421,-96.248077
92041,Oil or Gas,30.318413,-96.416411
92041,Oil or Gas,30.318413,-96.416411
92041,Oil or Gas,30.318413,-96.416411
92042,Oil or Gas,30.296158,-96.544674
92042,Oil or Gas,30.296158,-96.544674
92042,Oil or Gas,30.296158,-96.544674
92043,Oil or Gas,30.309285,-96.407067
92043,Oil or Gas,30.309285,-96.407067
92043,Oil or Gas,30.309285,-96.407067
92044,Oil or Gas,30.310296,-96.407505
92044,Oil or Gas,30.310296,-96.407505
92044,Oil or Gas,30.310296,-96.407505
92045,Oil or Gas,30.120382,-96.630482
92045,Oil or Gas,30.120382,-96.630482
92045,Oil or Gas,30.120382,-96.630482
92046,Oil or Gas,30.292631,-96.633685
92046,Oil or Gas,30.292631,-96.633685
92046,Oil or Gas,30.292631,-96.633685
92047,Oil or Gas,30.300679,-96.568053
92047,Oil or Gas,30.300679,-96.568053
92047,Oil or Gas,30.300679,-96.568053
92048,Oil or Gas,30.309319,-96.400042
92048,Oil or Gas,30.309319,-96.400042
92048,Oil or Gas,30.309319,-96.400042
92049,Oil or Gas,30.309949,-96.40153
92049,Oil or Gas,30.309949,-96.40153
92049,Oil or Gas,30.309949,-96.40153
92050,Oil or Gas,30.237904,-96.106326
92050,Oil or Gas,30.237904,-96.106326
92050,Oil or Gas,30.237904,-96.106326
92051,Oil or Gas,30.288022,-96.586409
92051,Oil or Gas,30.288022,-96.586409
92051,Oil or Gas,30.288022,-96.586409
92052,Oil or Gas,30.139314,-96.625593
92052,Oil or Gas,30.139314,-96.625593
92052,Oil or Gas,30.139314,-96.625593
92053,Oil or Gas,30.163584,-96.655575
92053,Oil or Gas,30.163584,-96.655575
92053,Oil or Gas,30.163584,-96.655575
92054,Oil or Gas,30.297535,-96.518735
92054,Oil or Gas,30.297535,-96.518735
92054,Oil or Gas,30.297535,-96.518735
92055,Oil or Gas,30.163659,-96.196308
92055,Oil or Gas,30.163659,-96.196308
92055,Oil or Gas,30.163659,-96.196308
92056,Oil or Gas,30.305966,-96.402544
92056,Oil or Gas,30.305966,-96.402544
92056,Oil or Gas,30.305966,-96.402544
92057,Oil or Gas,30.306351,-96.400521
92057,Oil or Gas,30.306351,-96.400521
92057,Oil or Gas,30.306351,-96.400521
92058,Oil or Gas,30.307752,-96.399227
92058,Oil or Gas,30.307752,-96.399227
92058,Oil or Gas,30.307752,-96.399227
92059,Oil or Gas,30.306402,-96.39783
92059,Oil or Gas,30.306402,-96.39783
92059,Oil or Gas,30.306402,-96.39783
92060,Oil or Gas,30.306659,-96.398816
92060,Oil or Gas,30.306659,-96.398816
92060,Oil or Gas,30.306659,-96.398816
92061,Oil or Gas,30.310222,-96.421903
92061,Oil or Gas,30.310222,-96.421903
92061,Oil or Gas,30.310222,-96.421903
92062,Oil or Gas,30.312628,-96.41689
92062,Oil or Gas,30.312628,-96.41689
92062,Oil or Gas,30.312628,-96.41689
92063,Oil or Gas,30.189725,-96.668858
92063,Oil or Gas,30.189725,-96.668858
92063,Oil or Gas,30.189725,-96.668858
92064,Oil or Gas,30.299368,-96.413101
92064,Oil or Gas,30.299368,-96.413101
92064,Oil or Gas,30.299368,-96.413101
92065,Oil or Gas,30.299725,-96.416717
92065,Oil or Gas,30.299725,-96.416717
92065,Oil or Gas,30.299725,-96.416717
92066,Oil or Gas,30.300228,-96.410269
92066,Oil or Gas,30.300228,-96.410269
92066,Oil or Gas,30.300228,-96.410269
92067,Oil or Gas,30.315324,-96.392133
92067,Oil or Gas,30.315324,-96.392133
92067,Oil or Gas,30.315324,-96.392133
92068,Oil or Gas,30.314292,-96.406737
92068,Oil or Gas,30.314292,-96.406737
92068,Oil or Gas,30.314292,-96.406737
92069,Oil or Gas,30.314077,-96.404066
92069,Oil or Gas,30.314077,-96.404066
92069,Oil or Gas,30.314077,-96.404066
92070,Oil or Gas,30.158315,-96.365351
92070,Oil or Gas,30.158315,-96.365351
92070,Oil or Gas,30.158315,-96.365351
92071,Oil or Gas,30.086174,-96.485054
92071,Oil or Gas,30.086174,-96.485054
92071,Oil or Gas,30.086174,-96.485054
92072,Oil or Gas,30.307622,-96.410683
92072,Oil or Gas,30.307622,-96.410683
92072,Oil or Gas,30.307622,-96.410683
92073,Oil or Gas,30.306799,-96.407714
92073,Oil or Gas,30.306799,-96.407714
92073,Oil or Gas,30.306799,-96.407714
92074,Oil or Gas,30.305717,-96.407393
92074,Oil or Gas,30.305717,-96.407393
92074,Oil or Gas,30.305717,-96.407393
92075,Oil or Gas,30.079353,-96.471554
92075,Oil or Gas,30.079353,-96.471554
92075,Oil or Gas,30.079353,-96.471554
92076,Oil or Gas,30.080327,-96.47176
92076,Oil or Gas,30.080327,-96.47176
92076,Oil or Gas,30.080327,-96.47176
92077,Oil or Gas,30.084259,-96.477566
92077,Oil or Gas,30.084259,-96.477566
92077,Oil or Gas,30.084259,-96.477566
92078,Oil or Gas,30.07625,-96.475777
92078,Oil or Gas,30.07625,-96.475777
92078,Oil or Gas,30.07625,-96.475777
92079,Oil or Gas,30.278527,-96.155008
92079,Oil or Gas,30.278527,-96.155008
92079,Oil or Gas,30.278527,-96.155008
92079,Oil or Gas,30.278527,-96.155008
92080,Oil or Gas,30.293237,-96.37278
92080,Oil or Gas,30.293237,-96.37278
92080,Oil or Gas,30.293237,-96.37278
92081,Oil or Gas,30.187531,-96.239582
92081,Oil or Gas,30.187531,-96.239582
92081,Oil or Gas,30.187531,-96.239582
92082,Oil or Gas,30.28993,-96.420209
92082,Oil or Gas,30.28993,-96.420209
92082,Oil or Gas,30.28993,-96.420209
92083,Oil or Gas,30.298724,-96.408956
92083,Oil or Gas,30.298724,-96.408956
92083,Oil or Gas,30.298724,-96.408956
92084,Oil or Gas,30.298934,-96.409892
92084,Oil or Gas,30.298934,-96.409892
92084,Oil or Gas,30.298934,-96.409892
92085,Oil or Gas,30.309001,-96.389707
92085,Oil or Gas,30.309001,-96.389707
92085,Oil or Gas,30.309001,-96.389707
92086,Oil or Gas,30.291839,-96.423289
92086,Oil or Gas,30.291839,-96.423289
92086,Oil or Gas,30.291839,-96.423289
92087,Oil or Gas,30.316893,-96.402403
92087,Oil or Gas,30.316893,-96.402403
92087,Oil or Gas,30.316893,-96.402403
92088,Oil or Gas,30.312014,-96.403486
92088,Oil or Gas,30.312014,-96.403486
92088,Oil or Gas,30.312014,-96.403486
92089,Withdrawal of Water,30.329444,-96.334445
92089,Withdrawal of Water,30.329444,-96.334445
92090,Oil or Gas,30.073674,-96.474215
92090,Oil or Gas,30.073674,-96.474215
92090,Oil or Gas,30.073674,-96.474215
92091,Oil or Gas,30.24676,-96.406457
92091,Oil or Gas,30.24676,-96.406457
92091,Oil or Gas,30.24676,-96.406457
92092,Oil or Gas,30.251992,-96.40265
92092,Oil or Gas,30.251992,-96.40265
92092,Oil or Gas,30.251992,-96.40265
92093,Oil or Gas,30.311919,-96.398802
92093,Oil or Gas,30.311919,-96.398802
92093,Oil or Gas,30.311919,-96.398802
92094,Oil or Gas,30.066244,-96.170647
92094,Oil or Gas,30.066244,-96.170647
92094,Oil or Gas,30.066244,-96.170647
92095,Withdrawal of Water,30.272222,-96.308056
92095,Withdrawal of Water,30.272222,-96.308056
92095,Withdrawal of Water,30.272222,-96.308056
92096,Oil or Gas,30.319135,-96.410056
92096,Oil or Gas,30.319135,-96.410056
92096,Oil or Gas,30.319135,-96.410056
92097,Oil or Gas,30.318026,-96.407517
92097,Oil or Gas,30.318026,-96.407517
92097,Oil or Gas,30.318026,-96.407517
92098,Oil or Gas,30.321933,-96.408124
92098,Oil or Gas,30.321933,-96.408124
92098,Oil or Gas,30.321933,-96.408124
92099,Withdrawal of Water,30.267819,-96.185303
92099,Withdrawal of Water,30.267819,-96.185303
92099,Withdrawal of Water,30.267819,-96.185303
92099,Withdrawal of Water,30.267819,-96.185303
92100,Oil or Gas,30.299198,-96.411249
92100,Oil or Gas,30.299198,-96.411249
92100,Oil or Gas,30.299198,-96.411249
92101,Oil or Gas,30.300143,-96.407931
92101,Oil or Gas,30.300143,-96.407931
92101,Oil or Gas,30.300143,-96.407931
92101,Oil or Gas,30.300143,-96.407931
92102,Withdrawal of Water,30.161945,-96.388889
92102,Withdrawal of Water,30.161945,-96.388889
92102,Withdrawal of Water,30.161945,-96.388889
92103,Withdrawal of Water,30.155278,-96.399445
92103,Withdrawal of Water,30.155278,-96.399445
92103,Withdrawal of Water,30.155278,-96.399445
92104,Oil or Gas,30.340687,-96.42252
92104,Oil or Gas,30.340687,-96.42252
92104,Oil or Gas,30.340687,-96.42252
92105,Oil or Gas,30.080267,-96.47506
92105,Oil or Gas,30.080267,-96.47506
92105,Oil or Gas,30.080267,-96.47506
92106,Oil or Gas,30.304379,-96.411603
92106,Oil or Gas,30.304379,-96.411603
92106,Oil or Gas,30.304379,-96.411603
92107,Oil or Gas,30.248945,-96.414513
92107,Oil or Gas,30.248945,-96.414513
92107,Oil or Gas,30.248945,-96.414513
92108,Oil or Gas,30.316073,-96.407023
92108,Oil or Gas,30.316073,-96.407023
92108,Oil or Gas,30.316073,-96.407023
92109,Oil or Gas,30.274578,-96.418929
92109,Oil or Gas,30.274578,-96.418929
92109,Oil or Gas,30.274578,-96.418929
92110,Oil or Gas,30.316532,-96.394367
92110,Oil or Gas,30.316532,-96.394367
92110,Oil or Gas,30.316532,-96.394367
92111,Oil or Gas,30.307617,-96.402777
92111,Oil or Gas,30.307617,-96.402777
92111,Oil or Gas,30.307617,-96.402777
92112,Oil or Gas,30.151564,-96.62008
92112,Oil or Gas,30.151564,-96.62008
92112,Oil or Gas,30.151564,-96.62008
92113,Oil or Gas,30.311674,-96.404594
92113,Oil or Gas,30.311674,-96.404594
92113,Oil or Gas,30.311674,-96.404594
92114,Oil or Gas,30.308777,-96.413299
92114,Oil or Gas,30.308777,-96.413299
92114,Oil or Gas,30.308777,-96.413299
92115,Oil or Gas,30.311757,-96.413723
92115,Oil or Gas,30.311757,-96.413723
92115,Oil or Gas,30.311757,-96.413723
92116,Oil or Gas,30.309265,-96.413356
92116,Oil or Gas,30.309265,-96.413356
92116,Oil or Gas,30.309265,-96.413356
92117,Oil or Gas,30.074939,-96.472357
92117,Oil or Gas,30.074939,-96.472357
92117,Oil or Gas,30.074939,-96.472357
92118,Oil or Gas,30.321469,-96.414822
92118,Oil or Gas,30.321469,-96.414822
92118,Oil or Gas,30.321469,-96.414822
92119,Oil or Gas,30.320452,-96.416199
92119,Oil or Gas,30.320452,-96.416199
92119,Oil or Gas,30.320452,-96.416199
92120,Oil or Gas,30.330062,-96.40442
92120,Oil or Gas,30.330062,-96.40442
92120,Oil or Gas,30.330062,-96.40442
92121,Oil or Gas,30.111531,-96.421591
92121,Oil or Gas,30.111531,-96.421591
92121,Oil or Gas,30.111531,-96.421591
92122,Oil or Gas,30.24875,-96.289373
92122,Oil or Gas,30.24875,-96.289373
92122,Oil or Gas,30.24875,-96.289373
92123,Oil or Gas,30.164311,-96.16854
92123,Oil or Gas,30.164311,-96.16854
92123,Oil or Gas,30.164311,-96.16854
100793,Oil or Gas,30.30358697,-96.42649881
100793,Oil or Gas,30.30358697,-96.42649881
100794,Oil or Gas,30.31253529,-96.40243706
100794,Oil or Gas,30.31253529,-96.40243706
100795,Oil or Gas,30.31384158,-96.40466162
100795,Oil or Gas,30.31384158,-96.40466162
100796,Oil or Gas,30.31443937,-96.40598075
100796,Oil or Gas,30.31443937,-96.40598075
100797,Oil or Gas,30.30596453,-96.41215352
100797,Oil or Gas,30.30596453,-96.41215352
100798,Oil or Gas,30.28183296,-96.41823825
100798,Oil or Gas,30.28183296,-96.41823825
